file,category,page,author,licence
180_Central_London_Railway_Notting_Hill_Gate_Sub_station_Main_Switchboard.jpg,Switchgear,https://commons.wikimedia.org/wiki/File:180._Central_London_Railway_-_Notting_Hill_Gate_Sub-station_Main_Switchboard.jpg,Unknown authorUnknown author,Public domain
184_Central_London_Railway_Back_View_of_Sub_station_Switchboard_Transformer_and_.jpg,Switchgear,https://commons.wikimedia.org/wiki/File:184._Central_London_Railway_-_Back_View_of_Sub-station_Switchboard._Transformer_and_Converter_Panels.jpg,Unknown authorUnknown author,Public domain
184A_Central_London_Railway_Front_View_of_High_Tension_Panels_showing_Three_phas.jpg,Switchgear,"https://commons.wikimedia.org/wiki/File:184A,_Central_London_Railway_-_Front_View_of_High_Tension_Panels,_showing_Three-phase_Switch.jpg",Unknown authorUnknown author,Public domain
2008_09_06_Electrical_switches_at_Duke_East.jpg,Switchgear,https://commons.wikimedia.org/wiki/File:2008-09-06_Electrical_switches_at_Duke_East.jpg,Ildar Sagdejev (Specious),CC BY-SA 4.0
20130915_Transformatorpaneel_elektriciteitscentrale_Veenhuizen_Dr_NL.jpg,Switchgear,https://commons.wikimedia.org/wiki/File:20130915_Transformatorpaneel_elektriciteitscentrale_Veenhuizen_Dr_NL.jpg,Wutsje,CC BY-SA 3.0
4_16kV_switchgear.jpg,Switchgear,https://commons.wikimedia.org/wiki/File:4.16kV_switchgear.jpg,Rsparks3,CC0
Betriebsgeb_ude_H_llentalbahn_Elektrischer_Transformatorenraum.jpg,Switchgear,https://commons.wikimedia.org/wiki/File:Betriebsgeb%C3%A4ude_H%C3%B6llentalbahn_-_Elektrischer_Transformatorenraum.JPG,Photograph:  wdwd,CC BY-SA 4.0
Broken_Switchgear_Celn_Teplice_IMG_2611.jpg,Switchgear,https://commons.wikimedia.org/wiki/File:Broken_Switchgear_%26_Celn%C3%AD_(Teplice)_IMG_2611.JPG,01x07x2022000,CC0
Broken_Switchgear_Celn_Teplice_IMG_2613.jpg,Switchgear,https://commons.wikimedia.org/wiki/File:Broken_Switchgear_%26_Celn%C3%AD_(Teplice)_IMG_2613.JPG,01x07x2022000,CC0
CD_20220221_052417.jpg,Switchgear,https://commons.wikimedia.org/wiki/File:CD_20220221_052417.jpg,Galaxy 2022,CC0
East_Side_Access_Update_November_23_2013_23346635421_.jpg,Switchgear,"https://commons.wikimedia.org/wiki/File:East_Side_Access_Update-_November_23,_2013_(23346635421).jpg",Metropolitan Transportation Authority of the State of New York,CC BY 2.0
Electrical_Main_and_distribution_panel_for_480_volt.jpg,Switchgear,https://commons.wikimedia.org/wiki/File:Electrical_Main_and_distribution_panel_for_480_volt.JPG,Zaereth,CC BY-SA 4.0
Electrical_Switchgear_from_Royal_Yacht_Victoria_and_Albert_1899_54797925816.jpg,Switchgear,https://commons.wikimedia.org/wiki/File:Electrical_Switchgear_from_Royal_Yacht_Victoria_and_Albert_(1899)_-_54797925816.jpg,Tim Sheerman-Chase,CC BY 4.0
Hazard_switch_2013_11_23_19_49.jpg,Switchgear,https://commons.wikimedia.org/wiki/File:Hazard_switch_2013-11-23_19-49.jpg,User:Otospareparts,CC BY-SA 3.0
High_voltage_transformer_750_kV_750_.jpg,Switchgear,https://commons.wikimedia.org/wiki/File:High-voltage_transformer_750_kV_%D0%A2%D1%80%D0%B0%D0%BD%D1%81%D1%84%D0%BE%D1%80%D0%BC%D0%B0%D1%82%D0%BE%D1%80_750_%D0%BA%D0%92.jpg,Novoklimov,CC0
IndustrialSwitchgear.jpg,Switchgear,https://commons.wikimedia.org/wiki/File:IndustrialSwitchgear.JPG,Mainstreetmark at English Wikipedia,Public domain
Kraftwerk_Naturns_Krafthaus_Schaltanlage.jpg,Switchgear,https://commons.wikimedia.org/wiki/File:Kraftwerk_Naturns_Krafthaus_Schaltanlage.jpg,Klaus Mueller,CC BY-SA 3.0
Kraftwerk_Naturns_Schaltanlage_Detail_Hintergrund_Druckrohr.jpg,Switchgear,https://commons.wikimedia.org/wiki/File:Kraftwerk_Naturns_Schaltanlage_Detail_Hintergrund_Druckrohr.jpg,Klaus Mueller,CC BY-SA 3.0
Kraftwerk_Naturns_Schaltanlage_Detail.jpg,Switchgear,https://commons.wikimedia.org/wiki/File:Kraftwerk_Naturns_Schaltanlage_Detail.jpg,Klaus Mueller,CC BY-SA 3.0
Kraftwerk_Naturns_Schaltanlage_Hintergrund_Druckrohr.jpg,Switchgear,https://commons.wikimedia.org/wiki/File:Kraftwerk_Naturns_Schaltanlage_Hintergrund_Druckrohr.jpg,Klaus Mueller,CC BY-SA 3.0
Kraftwerk_Naturns_Schaltanlage_Hintergrund_Krafthaus.jpg,Switchgear,https://commons.wikimedia.org/wiki/File:Kraftwerk_Naturns_Schaltanlage_Hintergrund_Krafthaus.jpg,Klaus Mueller,CC BY-SA 3.0
Kraftwerk_Naturns_Schaltanlage_Vorn.jpg,Switchgear,https://commons.wikimedia.org/wiki/File:Kraftwerk_Naturns_Schaltanlage_Vorn.jpg,Klaus Mueller,CC BY-SA 3.0
Kraftwerk_Naturns_Schaltanlage_Westen.jpg,Switchgear,https://commons.wikimedia.org/wiki/File:Kraftwerk_Naturns_Schaltanlage_Westen.jpg,Klaus Mueller,CC BY-SA 3.0
Kraftwerk_Naturns_Schaltanlage.jpg,Switchgear,https://commons.wikimedia.org/wiki/File:Kraftwerk_Naturns_Schaltanlage.jpg,Klaus Mueller,CC BY-SA 3.0
Makah_National_Fish_Hatchery_5837249863_.jpg,Switchgear,https://commons.wikimedia.org/wiki/File:Makah_National_Fish_Hatchery_(5837249863).jpg,U.S. Fish &amp; Wildlife Service - Pacific Region's,CC BY 2.0
OLOMOUC_2024_12_28_20241228_095329.jpg,Switchgear,https://commons.wikimedia.org/wiki/File:OLOMOUC_2024-12-28_20241228_095329.jpg,VANOCE2022,CC0
OLOMOUC_2024_12_28_20241228_095529.jpg,Switchgear,https://commons.wikimedia.org/wiki/File:OLOMOUC_2024-12-28_20241228_095529.jpg,VANOCE2022,CC0
OLOMOUC_2024_12_28_20241228_095539.jpg,Switchgear,https://commons.wikimedia.org/wiki/File:OLOMOUC_2024-12-28_20241228_095539.jpg,VANOCE2022,CC0
Ostrov_Stvanice_v_dubnu_2024_IMG_5084.jpg,Switchgear,https://commons.wikimedia.org/wiki/File:Ostrov_Stvanice_v_dubnu_2024_IMG_5084.JPG,01x07x2022000,CC0
Ostrov_Stvanice_v_dubnu_2024_IMG_5085.jpg,Switchgear,https://commons.wikimedia.org/wiki/File:Ostrov_Stvanice_v_dubnu_2024_IMG_5085.JPG,01x07x2022000,CC0
00_bma_automation_operator_panel_with_pushbuttons.jpg,Distribution boards,https://commons.wikimedia.org/wiki/File:00-bma-automation-operator-panel-with-pushbuttons.JPG,Elmschrat,CC BY-SA 3.0
050_MNACTEC_Terrassa_quadre_de_distribuci_el_ctrica_del_vapor_Aymerich_Amat_i_Jo.jpg,Distribution boards,"https://commons.wikimedia.org/wiki/File:050_MNACTEC_(Terrassa),_quadre_de_distribuci%C3%B3_el%C3%A8ctrica_del_vapor_Aymerich,_Amat_i_Jover.jpg",Enric,CC BY-SA 4.0
051_MNACTEC_Terrassa_quadre_de_distribuci_el_ctrica_del_vapor_Aymerich_Amat_i_Jo.jpg,Distribution boards,"https://commons.wikimedia.org/wiki/File:051_MNACTEC_(Terrassa),_quadre_de_distribuci%C3%B3_el%C3%A8ctrica_del_vapor_Aymerich,_Amat_i_Jover.jpg",Enric,CC BY-SA 4.0
18th_century_barn_Hatfield_Broad_Oak_Essex_England_2.jpg,Distribution boards,https://commons.wikimedia.org/wiki/File:18th_century_barn_Hatfield_Broad_Oak_Essex_England_2.jpg,Acabashi,CC BY-SA 4.0
18th_century_barn_Hatfield_Broad_Oak_Essex_England_3.jpg,Distribution boards,https://commons.wikimedia.org/wiki/File:18th_century_barn_Hatfield_Broad_Oak_Essex_England_3.jpg,Acabashi,CC BY-SA 4.0
18th_century_barn_Hatfield_Broad_Oak_Essex_England_6.jpg,Distribution boards,https://commons.wikimedia.org/wiki/File:18th_century_barn_Hatfield_Broad_Oak_Essex_England_6.jpg,Acabashi,CC BY-SA 4.0
2015_05_19_005_Schaltkasten_mit_wildem_Wein_umwachsen.jpg,Distribution boards,https://commons.wikimedia.org/wiki/File:2015_05_19_005_Schaltkasten_mit_wildem_Wein_umwachsen.jpg,Friedrich Haag,CC BY-SA 4.0
A_low_voltage_board_destined_for_Turku_broadcasting_station_in_the_courtyard_of_.jpg,Distribution boards,"https://commons.wikimedia.org/wiki/File:A_low_voltage_board_destined_for_Turku_broadcasting_station_in_the_courtyard_of_Fabianinkatu_radio_house,_ca._1939._(15484473281).jpg",Archives of the Finnish Broadcasting Company Yle,Public domain
Amazingly_wired_fuse_box_in_sauna.jpg,Distribution boards,https://commons.wikimedia.org/wiki/File:Amazingly_wired_fuse_box_in_sauna.JPG,Dmitry G,CC BY-SA 3.0
Aparamenta_el_ctrica_Vapor_Aymerich_Amat_i_Jover_I.jpg,Distribution boards,"https://commons.wikimedia.org/wiki/File:Aparamenta_el%C3%A8ctrica_Vapor_Aymerich,_Amat_i_Jover_I.jpg",Chixoy,Public domain
Aparamenta_el_ctrica_Vapor_Aymerich_Amat_i_Jover_II.jpg,Distribution boards,"https://commons.wikimedia.org/wiki/File:Aparamenta_el%C3%A8ctrica_Vapor_Aymerich,_Amat_i_Jover_II.jpg",Chixoy,Public domain
Aparamenta_el_ctrica_Vapor_Aymerich_Amat_i_Jover_IV.jpg,Distribution boards,"https://commons.wikimedia.org/wiki/File:Aparamenta_el%C3%A8ctrica_Vapor_Aymerich,_Amat_i_Jover_IV.jpg",Chixoy,Public domain
Armadio_ripartilinea_16241771280_.jpg,Distribution boards,https://commons.wikimedia.org/wiki/File:Armadio_ripartilinea_(16241771280).jpg,"Marco d'Itri from Milano, Italy",CC BY-SA 2.0
Baustromverteiler_2.jpg,Distribution boards,https://commons.wikimedia.org/wiki/File:Baustromverteiler-2.jpg,"Baustromverteiler.jpg: Thiemo Schuff
derivative work: Hundehalter (talk)",CC BY 3.0
Baustromverteiler.jpg,Distribution boards,https://commons.wikimedia.org/wiki/File:Baustromverteiler.jpg,Thiemo Schuff,CC BY 3.0
Bundespost_Fernmeldenotvermittlung_v.jpg,Distribution boards,https://commons.wikimedia.org/wiki/File:Bundespost_Fernmeldenotvermittlung_v.jpg,Norbert Schnitzler,CC BY-SA 3.0
Catalonia_Terrassa_mNATEC_QuadreElectric_Detall.jpg,Distribution boards,https://commons.wikimedia.org/wiki/File:Catalonia_Terrassa_mNATEC_QuadreElectric_Detall.jpg,Friviere,CC BY 3.0
Catalonia_Terrassa_mNATEC_QuadreElectric.jpg,Distribution boards,https://commons.wikimedia.org/wiki/File:Catalonia_Terrassa_mNATEC_QuadreElectric.jpg,Friviere,CC BY 3.0
Circuit_breakers.jpg,Distribution boards,https://commons.wikimedia.org/wiki/File:Circuit_breakers.JPG,Jexon,CC BY-SA 3.0
Clou_rouge_2024_Porteous_Grande_salle_57.jpg,Distribution boards,https://commons.wikimedia.org/wiki/File:Clou_rouge_2024_-_Porteous_-_Grande_salle_57.jpg,Credits to Mourad Ben Abdallah / Wikimedia Commons,CC BY-SA 4.0
Dentro_de_la_Bater_a_B_8_del_Monte_San_Pedro_Cuadro_el_ctrico_en_la_sala_de_moto.jpg,Distribution boards,https://commons.wikimedia.org/wiki/File:Dentro_de_la_Bater%C3%ADa_B-8_del_Monte_San_Pedro_-_Cuadro_el%C3%A9ctrico_en_la_sala_de_motores_(43168540505).jpg,"Contando Estrelas from Vigo, España / Spain",CC BY-SA 2.0
Dentro_de_la_Bater_a_B_8_del_Monte_San_Pedro_Cuadro_el_ctrico_en_la_sala_de_moto.jpg,Distribution boards,https://commons.wikimedia.org/wiki/File:Dentro_de_la_Bater%C3%ADa_B-8_del_Monte_San_Pedro_-_Cuadro_el%C3%A9ctrico_en_la_sala_de_motores_(43356419444).jpg,"Contando Estrelas from Vigo, España / Spain",CC BY-SA 2.0
Dentro_de_la_Bater_a_B_8_del_Monte_San_Pedro_Cuadro_el_ctrico_en_la_sala_de_moto.jpg,Distribution boards,https://commons.wikimedia.org/wiki/File:Dentro_de_la_Bater%C3%ADa_B-8_del_Monte_San_Pedro_-_Cuadro_el%C3%A9ctrico_en_la_sala_de_motores_(44026368872).jpg,"Contando Estrelas from Vigo, España / Spain",CC BY-SA 2.0
Distribution_board_Slovakia_01.jpg,Distribution boards,https://commons.wikimedia.org/wiki/File:Distribution_board_-_Slovakia_01.jpg,Oto Zapletal,CC BY 4.0
Distribution_board_Slovakia_02.jpg,Distribution boards,https://commons.wikimedia.org/wiki/File:Distribution_board_-_Slovakia_02.jpg,Oto Zapletal,CC BY 4.0
Distribution_board_Slovakia_03.jpg,Distribution boards,https://commons.wikimedia.org/wiki/File:Distribution_board_-_Slovakia_03.jpg,Oto Zapletal,CC BY 4.0
Distribution_board_Slovakia_04.jpg,Distribution boards,https://commons.wikimedia.org/wiki/File:Distribution_board_-_Slovakia_04.jpg,Oto Zapletal,CC BY 4.0
Distribution_board_and_wall_in_workshop.jpg,Distribution boards,https://commons.wikimedia.org/wiki/File:Distribution_board_and_wall_in_workshop.jpg,W.carter,Public domain
_Open_House_at_the_operator_s_cab_4_43477734091_.jpg,Control panels,https://commons.wikimedia.org/wiki/File:%22Open_House%22_at_the_operator%27s_cab_4_(43477734091).jpg,Enoch Leung from Canada,CC BY-SA 2.0
_DSC_2571.jpg,Control panels,https://commons.wikimedia.org/wiki/File:%2BDSC_2571.jpg,Aniskov,CC BY-SA 4.0
087_MNACTEC_Terrassa_exposici_En_rgeia_quadre_de_comandament_el_ctric.jpg,Control panels,"https://commons.wikimedia.org/wiki/File:087_MNACTEC_(Terrassa),_exposici%C3%B3_En%C3%A9rgeia,_quadre_de_comandament_el%C3%A8ctric.jpg",Enric,CC BY-SA 4.0
150205_N_ZZ786_068_SN_Veronica_Ramirez_stands_quarterdeck_on_USS_Antietam.jpg,Control panels,https://commons.wikimedia.org/wiki/File:150205-N-ZZ786-068_-_SN_Veronica_Ramirez_stands_quarterdeck_on_USS_Antietam.jpg,U.S. Navy photo by Mass Communication Specialist Seaman David Flewellyn,Public domain
1991_windenleitstand_hg.jpg,Control panels,https://commons.wikimedia.org/wiki/File:1991_windenleitstand_hg.jpg,"Hannes Grobe, AWI",CC BY-SA 2.5
2017_08_26_Ausflug_Voglgasse_und_Prater_044_.jpg,Control panels,https://commons.wikimedia.org/wiki/File:2017-08-26_Ausflug_Voglgasse_und_Prater_(044).jpg,GT1976,CC BY-SA 4.0
2017_10_05_06_47_32_Reset_button_being_pressed_on_the_Hydrogen_Inflation_Safety_.jpg,Control panels,"https://commons.wikimedia.org/wiki/File:2017-10-05_06_47_32_%22Reset%22_button_being_pressed_on_the_Hydrogen_Inflation_Safety_System_panel_at_the_National_Weather_Service%27s_Baltimore-Washington_Weather_Forecast_Office_in_the_Dulles_section_of_Sterling,_Loudoun_County,_Virginia.jpg",Famartin,CC BY-SA 4.0
2017_10_05_06_47_40_Standby_button_being_pressed_on_the_Hydrogen_Inflation_Safet.jpg,Control panels,"https://commons.wikimedia.org/wiki/File:2017-10-05_06_47_40_%22Standby%22_button_being_pressed_on_the_Hydrogen_Inflation_Safety_System_panel_at_the_National_Weather_Service%27s_Baltimore-Washington_Weather_Forecast_Office_in_the_Dulles_section_of_Sterling,_Loudoun_County,_Virginia.jpg",Famartin,CC BY-SA 4.0
2017_10_05_06_49_36_Run_button_being_pressed_on_the_Hydrogen_Inflation_Safety_Sy.jpg,Control panels,"https://commons.wikimedia.org/wiki/File:2017-10-05_06_49_36_%22Run%22_button_being_pressed_on_the_Hydrogen_Inflation_Safety_System_panel_at_the_National_Weather_Service%27s_Baltimore-Washington_Weather_Forecast_Office_in_the_Dulles_section_of_Sterling,_Loudoun_County,_Virginia.jpg",Famartin,CC BY-SA 4.0
2017_10_05_07_02_32_Standby_button_being_pressed_on_the_Hydrogen_Inflation_Safet.jpg,Control panels,"https://commons.wikimedia.org/wiki/File:2017-10-05_07_02_32_%22Standby%22_button_being_pressed_on_the_Hydrogen_Inflation_Safety_System_panel_at_the_National_Weather_Service%27s_Baltimore-Washington_Weather_Forecast_Office_in_the_Dulles_section_of_Sterling,_Loudoun_County,_Virginia.jpg",Famartin,CC BY-SA 4.0
20190602SerendiepControl01.jpg,Control panels,https://commons.wikimedia.org/wiki/File:20190602SerendiepControl01.JPG,Dick Bos,CC BY-SA 4.0
A_U_S_Marine_enters_data_into_the_control_panel_of_a_high_mobility_artillery_roc.jpg,Control panels,"https://commons.wikimedia.org/wiki/File:A_U.S._Marine_enters_data_into_the_control_panel_of_a_high-mobility_artillery_rocket_system_during_a_dry-fire_drill_at_Forward_Operating_Base_Edinburgh,_Afghanistan,_Feb_120226-M-XZ121-063.jpg",Sgt. Jacob Harrer,Public domain
Abbey_Mills_IMG7692.jpg,Control panels,https://commons.wikimedia.org/wiki/File:Abbey_Mills_IMG7692.jpg,Peter Scrimshaw,CC BY-SA 4.0
AIDA_CCU_IP_Remote_Camera_Controller.jpg,Control panels,https://commons.wikimedia.org/wiki/File:AIDA_CCU-IP_Remote_Camera_Controller.jpg,TaurusEmerald,CC BY-SA 4.0
Alcator_C_control_room.jpg,Control panels,https://commons.wikimedia.org/wiki/File:Alcator_C_control_room.jpg,MIT PSFC photographer Ron Levenson,CC BY 3.0
Alice_in_Wonderland_ride_control_Tiki_Tiki_Tiki_Tiki_Tiki_Rum_Trader_Sam_s_Disne.jpg,Control panels,"https://commons.wikimedia.org/wiki/File:Alice_in_Wonderland_ride-control,_Tiki_Tiki_Tiki_Tiki_Tiki_Rum,_Trader_Sam%27s,_Disneyland,_Anaheim,_CA,_USA_(7606396586).jpg","Cory Doctorow from Beautiful Downtown Burbank, USA",CC BY-SA 2.0
Alouette_III_319B_Control_panel_Cockpit.jpg,Control panels,https://commons.wikimedia.org/wiki/File:Alouette_III-319B-Control_panel-Cockpit.jpg,Aerom,CC BY-SA 3.0
Altes_Pumpwerk_2013_Maschinenhalle_09.jpg,Control panels,https://commons.wikimedia.org/wiki/File:Altes_Pumpwerk_2013-Maschinenhalle-09.jpg,Godewind (talk),CC BY-SA 3.0
Altes_Pumpwerk_2013_Maschinenhalle_10.jpg,Control panels,https://commons.wikimedia.org/wiki/File:Altes_Pumpwerk_2013-Maschinenhalle-10.jpg,Godewind (talk),CC BY-SA 3.0
Ariston_washing_machine_Oct_2011_HK_Ip4.jpg,Control panels,https://commons.wikimedia.org/wiki/File:Ariston_washing_machine_Oct-2011_HK_Ip4.jpg,Belchers Albert,CC BY-SA 3.0
Artist_concept_of_the_Gemini_spacecraft_control_panel_s65_14095_.jpg,Control panels,https://commons.wikimedia.org/wiki/File:Artist_concept_of_the_Gemini_spacecraft_control_panel_(s65-14095).jpg,NASA Johnson Space Center,Public domain
Assim_se_perdem_as_almas_6169320559_.jpg,Control panels,https://commons.wikimedia.org/wiki/File:Assim_se_perdem_as_almas_(6169320559).jpg,Rosino,CC BY-SA 2.0
Bach_rz_elezni_n_muzeum_pluh_palubn_deska_II.jpg,Control panels,"https://commons.wikimedia.org/wiki/File:Bach%C3%B3rz,_%C5%BEelezni%C4%8Dn%C3%AD_muzeum,_pluh,_palubn%C3%AD_deska_II.jpg","I would appreciate being notified if you use my work outside Wikimedia.
More of my work can be found in my personal gallery.",CC BY 3.0
Bach_rz_elezni_n_muzeum_pluh_palubn_deska_III.jpg,Control panels,"https://commons.wikimedia.org/wiki/File:Bach%C3%B3rz,_%C5%BEelezni%C4%8Dn%C3%AD_muzeum,_pluh,_palubn%C3%AD_deska_III.jpg","I would appreciate being notified if you use my work outside Wikimedia.
More of my work can be found in my personal gallery.",CC BY 3.0
Bach_rz_elezni_n_muzeum_pluh_palubn_deska.jpg,Control panels,"https://commons.wikimedia.org/wiki/File:Bach%C3%B3rz,_%C5%BEelezni%C4%8Dn%C3%AD_muzeum,_pluh,_palubn%C3%AD_deska.jpg","I would appreciate being notified if you use my work outside Wikimedia.
More of my work can be found in my personal gallery.",CC BY 3.0
Baldone_observatory_in_Latvia_Control_panel_14325103428_.jpg,Control panels,https://commons.wikimedia.org/wiki/File:Baldone_observatory_in_Latvia_-_Control_panel_(14325103428).jpg,"Jeremy Keith from Brighton &amp; Hove, United Kingdom",CC BY 2.0
BART_C_car_control_panel.jpg,Control panels,https://commons.wikimedia.org/wiki/File:BART_C-car_control_panel.jpg,Arlen,CC BY 2.0
BOS_Ausrichtkriterien.jpg,Control panels,https://commons.wikimedia.org/wiki/File:BOS_Ausrichtkriterien.jpg,Helfmann,CC BY-SA 3.0
BSAG_2.jpg,Control panels,https://commons.wikimedia.org/wiki/File:BSAG_2.JPG,Rami Tarawneh,CC BY 2.5
Alexey_Akindinov_Mushroom_Rhapsody_2017_2018.jpg,Electrical substations,https://commons.wikimedia.org/wiki/File:Alexey_Akindinov._Mushroom_Rhapsody._2017-2018.jpg,Alexey Akindinov,CC BY-SA 4.0
Alexey_Akindinov_The_Peace_1997_1998.jpg,Electrical substations,https://commons.wikimedia.org/wiki/File:Alexey_Akindinov._The_Peace._1997-1998.jpg,Alexey Akindinov,CC BY-SA 4.0
Bargaon_Substation.jpg,Electrical substations,https://commons.wikimedia.org/wiki/File:Bargaon_Substation.jpg,DK6771,CC BY-SA 4.0
BEL_Station.jpg,Electrical substations,https://commons.wikimedia.org/wiki/File:BEL-Station.jpg,Irvias,CC0
BYU_PPE2.jpg,Electrical substations,https://commons.wikimedia.org/wiki/File:BYU_PPE2.jpg,GreenwoodKL,CC BY-SA 3.0
Elect_Bt_.jpg,Electrical substations,https://commons.wikimedia.org/wiki/File:Elect_Bt%C3%A1.jpg,EEIM,CC BY-SA 4.0
Establishment_of_Manufacturing_Unit_III_Dausa_Rajasthan_.jpg,Electrical substations,"https://commons.wikimedia.org/wiki/File:Establishment_of_Manufacturing_Unit_-_III(Dausa,_Rajasthan).jpg",ShreshtaKhetan,CC BY-SA 4.0
Fenced_transformer.jpg,Electrical substations,https://commons.wikimedia.org/wiki/File:Fenced_transformer.jpg,User:JrawX,CC0
Generic_AT_feeding_2x25kV_AC.jpg,Electrical substations,https://commons.wikimedia.org/wiki/File:Generic_AT_feeding_2x25kV_AC.jpg,Contrapunctus.mammalia,CC BY-SA 4.0
Generic_classic_feeding_25kV_AC_railway.jpg,Electrical substations,https://commons.wikimedia.org/wiki/File:Generic_classic_feeding_25kV_AC_railway.jpg,Contrapunctus.mammalia,CC BY-SA 4.0
Graffiti_on_power_substation_at_trg_dt_Franje_Tu_mana_Zagreb.jpg,Electrical substations,"https://commons.wikimedia.org/wiki/File:Graffiti_on_power_substation_at_trg_dt._Franje_Tu%C4%91mana,_Zagreb.jpg",Mnalis,CC BY-SA 4.0
Graffiti_on_power_substation_Listopadska.jpg,Electrical substations,"https://commons.wikimedia.org/wiki/File:Graffiti_on_power_substation,_Listopadska.jpg",Mnalis,CC BY-SA 4.0
Hydro_Ottawa_sub_station_No_2.jpg,Electrical substations,https://commons.wikimedia.org/wiki/File:Hydro_Ottawa_sub_station_No%C2%B02.jpg,Weezyinator,CC BY 4.0
Hydro_power_station_outdoor_transformers_28923908062_.jpg,Electrical substations,https://commons.wikimedia.org/wiki/File:Hydro_power_station_-_outdoor_transformers_(28923908062).jpg,Community Archives,Public domain
Hydro_transformer_station_Lower_Sherbourne_2021_12_03_51722940138_.jpg,Electrical substations,"https://commons.wikimedia.org/wiki/File:Hydro_transformer_station,_Lower_Sherbourne,_2021_12_03_(51722940138).jpg",booledozer,CC0
Hydro_transformer_station_Lower_Sherbourne_2021_12_03_51723344774_.jpg,Electrical substations,"https://commons.wikimedia.org/wiki/File:Hydro_transformer_station,_Lower_Sherbourne,_2021_12_03_(51723344774).jpg",booledozer,CC0
IJsselstein_Mr_Abbink_Spainkstraat_2tt.jpg,Electrical substations,https://commons.wikimedia.org/wiki/File:IJsselstein_Mr_Abbink_Spainkstraat_2tt.jpg,Ikopdefiets,CC0
Kabli_substation.jpg,Electrical substations,"https://commons.wikimedia.org/wiki/File:Kabli,_substation.jpg",Sanqui,CC0
Maisonnais_eolien_poste_livraison_01.jpg,Electrical substations,https://commons.wikimedia.org/wiki/File:Maisonnais-eolien-poste-livraison_01.jpg,Traumrune,CC BY-SA 3.0
Mirza_Substation.jpg,Electrical substations,https://commons.wikimedia.org/wiki/File:Mirza_Substation.jpg,ShreshtaKhetan,CC BY-SA 4.0
Modhucity_Power_House_1.jpg,Electrical substations,https://commons.wikimedia.org/wiki/File:Modhucity_Power_House_1.jpg,Asmath98,CC0
Modhucity_PowerHouse.jpg,Electrical substations,https://commons.wikimedia.org/wiki/File:Modhucity_PowerHouse.jpg,Asmath98,CC0
MR_EGE_Erdschlussl_sch_Tauchkernspule.jpg,Electrical substations,https://commons.wikimedia.org/wiki/File:MR_EGE_Erdschlussl%C3%B6sch-Tauchkernspule.jpg,Wissenslustiger,CC BY-SA 4.0
Obras_de_capta_o_do_sistema_produtor_S_o_Louren_o_24690333908_.jpg,Electrical substations,https://commons.wikimedia.org/wiki/File:Obras_de_capta%C3%A7%C3%A3o_do_sistema_produtor_S%C3%A3o_Louren%C3%A7o._(24690333908).jpg,Governo do Estado de São Paulo,CC BY 2.0
Pol_gono_Industrial_de_San_Cibrao_das_Vi_as_016.jpg,Electrical substations,https://commons.wikimedia.org/wiki/File:Pol%C3%ADgono_Industrial_de_San_Cibrao_das_Vi%C3%B1as_016.jpg,Tfeliz,CC BY-SA 3.0
Pol_gono_Industrial_de_San_Cibrao_das_Vi_as_018.jpg,Electrical substations,https://commons.wikimedia.org/wiki/File:Pol%C3%ADgono_Industrial_de_San_Cibrao_das_Vi%C3%B1as_018.jpg,Tfeliz,CC BY-SA 3.0
Poste_de_transformation_lectrique_Womey_Abomey_calavi_B_nin.jpg,Electrical substations,"https://commons.wikimedia.org/wiki/File:Poste_de_transformation_%C3%A9lectrique_%C3%A0_Womey,_Abomey-calavi,_B%C3%A9nin.jpg",Saliousoft,CC BY-SA 4.0
Power_substation_Slunj.jpg,Electrical substations,https://commons.wikimedia.org/wiki/File:Power_substation_Slunj.jpg,Janjko,CC BY-SA 4.0
Quang_anh_cgte.jpg,Electrical substations,https://commons.wikimedia.org/wiki/File:Quang-anh-cgte.jpg,QUANG ANH CGTE,CC BY-SA 4.0
SOCI_T_NATIONALE_D_LECTRICIT_KINSHASA_.jpg,Electrical substations,https://commons.wikimedia.org/wiki/File:SOCI%C3%89T%C3%89_NATIONALE_D%27%C3%89LECTRICIT%C3%89_(KINSHASA).jpg,KAPUKU,CC BY-SA 4.0
151013_Z_DZ751_084_22600567960_.jpg,Control rooms,https://commons.wikimedia.org/wiki/File:151013-Z-DZ751-084_(22600567960).jpg,"Jim Greenhill from McLean, USA",CC BY 2.0
171207_D_PB383_020_20171207_CJCS_addresses_Army_War_College.jpg,Control rooms,https://commons.wikimedia.org/wiki/File:171207-D-PB383-020_20171207_CJCS_addresses_Army_War_College.jpg,Chairman of the Joint Chiefs of Staff,CC BY 2.0
2018_05_15_R_dio_Maricel_a_l_Ajuntament_1.jpg,Control rooms,https://commons.wikimedia.org/wiki/File:2018-05-15_R%C3%A0dio_Maricel_a_l%27Ajuntament_1.jpg,Parellades,CC BY-SA 4.0
2025_0527_Secretary_Wright_SLAC_Visit_Orrell_6.jpg,Control rooms,https://commons.wikimedia.org/wiki/File:2025_0527_Secretary_Wright_SLAC_Visit_Orrell-6.jpg,U.S. Department of Energy,Public domain
2025_0527_Secretary_Wright_SLAC_Visit_Orrell_7.jpg,Control rooms,https://commons.wikimedia.org/wiki/File:2025_0527_Secretary_Wright_SLAC_Visit_Orrell-7.jpg,U.S. Department of Energy,Public domain
2025_0527_Secretary_Wright_SLAC_Visit_Orrell_9.jpg,Control rooms,https://commons.wikimedia.org/wiki/File:2025_0527_Secretary_Wright_SLAC_Visit_Orrell-9.jpg,U.S. Department of Energy,Public domain
210122_D_BN624_1015.jpg,Control rooms,https://commons.wikimedia.org/wiki/File:210122-D-BN624-1015.jpg,DoD photo by Lisa Ferdinando,Public domain
36C3_hall_Ada_on_day_0_07.jpg,Control rooms,https://commons.wikimedia.org/wiki/File:36C3_hall_Ada_on_day_0_07.jpg,Leonhard Lenz,CC0
Activiteit_in_de_controle_kamer_in_de_Tap_Line_olie_terminal_nabij_Saida_Bestand.jpg,Control rooms,"https://commons.wikimedia.org/wiki/File:Activiteit_in_de_controle_kamer_in_de_Tap-Line_olie_terminal_nabij_Saida,_Bestanddeelnr_255-6307.jpg",Willem van de Poll,CC0
Activiteit_in_de_controle_kamer_in_de_Tap_Line_olie_terminal_nabij_Saida_Bestand.jpg,Control rooms,"https://commons.wikimedia.org/wiki/File:Activiteit_in_de_controle_kamer_in_de_Tap-Line_olie_terminal_nabij_Saida,_Bestanddeelnr_255-6308.jpg",Willem van de Poll,CC0
ADPCentralOps.jpg,Control rooms,https://commons.wikimedia.org/wiki/File:ADPCentralOps.JPG,RobertHillier1972 at English Wikipedia,CC BY-SA 3.0
Alm_sf_zit_i_Timf_ldgy_r_p_let15_23.jpg,Control rooms,"https://commons.wikimedia.org/wiki/File:Alm%C3%A1sf%C3%BCzit%C5%91i_Timf%C3%B6ldgy%C3%A1r,_%C3%A9p%C3%BClet15,_23.jpg",Christo,CC BY-SA 4.0
Alm_sf_zit_i_Timf_ldgy_r_p_let15_38.jpg,Control rooms,"https://commons.wikimedia.org/wiki/File:Alm%C3%A1sf%C3%BCzit%C5%91i_Timf%C3%B6ldgy%C3%A1r,_%C3%A9p%C3%BClet15,_38.jpg",Random photos 1989,CC BY-SA 4.0
Alm_sf_zit_i_Timf_ldgy_r_p_let15_51.jpg,Control rooms,"https://commons.wikimedia.org/wiki/File:Alm%C3%A1sf%C3%BCzit%C5%91i_Timf%C3%B6ldgy%C3%A1r,_%C3%A9p%C3%BClet15,_51.jpg",Random photos 1989,CC BY-SA 4.0
Alm_sf_zit_i_Timf_ldgy_r_p_let15_58.jpg,Control rooms,"https://commons.wikimedia.org/wiki/File:Alm%C3%A1sf%C3%BCzit%C5%91i_Timf%C3%B6ldgy%C3%A1r,_%C3%A9p%C3%BClet15,_58.jpg",Random photos 1989,CC BY-SA 4.0
Alm_sf_zit_i_Timf_ldgy_r_p_let15_59.jpg,Control rooms,"https://commons.wikimedia.org/wiki/File:Alm%C3%A1sf%C3%BCzit%C5%91i_Timf%C3%B6ldgy%C3%A1r,_%C3%A9p%C3%BClet15,_59.jpg",Random photos 1989,CC BY-SA 4.0
Aprender_Entre_R_os_Tunel_subfluvial_01_.jpg,Control rooms,https://commons.wikimedia.org/wiki/File:Aprender_(Entre_R%C3%ADos)_-_Tunel_subfluvial_(01).jpg,Consejo General de Educación de Entre Ríos,CC BY-SA 4.0
Aprender_Entre_R_os_Tunel_subfluvial_02_.jpg,Control rooms,https://commons.wikimedia.org/wiki/File:Aprender_(Entre_R%C3%ADos)_-_Tunel_subfluvial_(02).jpg,Consejo General de Educación de Entre Ríos,CC BY-SA 4.0
Aprender_Entre_R_os_Tunel_subfluvial_17_.jpg,Control rooms,https://commons.wikimedia.org/wiki/File:Aprender_(Entre_R%C3%ADos)_-_Tunel_subfluvial_(17).jpg,Consejo General de Educación de Entre Ríos,CC BY-SA 4.0
Aprender_Entre_R_os_Tunel_subfluvial_18_.jpg,Control rooms,https://commons.wikimedia.org/wiki/File:Aprender_(Entre_R%C3%ADos)_-_Tunel_subfluvial_(18).jpg,Consejo General de Educación de Entre Ríos,CC BY-SA 4.0
At_Teide_Observatory_2022_055.jpg,Control rooms,https://commons.wikimedia.org/wiki/File:At_Teide_Observatory_2022_055.jpg,Photograph by Mike Peel (www.mikepeel.net).,CC BY-SA 4.0
At_Teide_Observatory_2022_056.jpg,Control rooms,https://commons.wikimedia.org/wiki/File:At_Teide_Observatory_2022_056.jpg,Photograph by Mike Peel (www.mikepeel.net).,CC BY-SA 4.0
Ayinger_Privatbrauerei_Schaltwarte_Panorama.jpg,Control rooms,https://commons.wikimedia.org/wiki/File:Ayinger_Privatbrauerei_-_Schaltwarte_-_Panorama.jpg,© 1971markus,CC BY-SA 4.0
B_reactor_control_room_2018.jpg,Control rooms,https://commons.wikimedia.org/wiki/File:B_reactor_control_room_2018.jpeg,XXBuilderXx,CC BY-SA 4.0
Blue_Grass_Chemical_Agent_Destruction_Pilot_Plant_Control_and_Support_Building_9.jpg,Control rooms,https://commons.wikimedia.org/wiki/File:Blue_Grass_Chemical_Agent-Destruction_Pilot_Plant_Control_and_Support_Building_(9356968677).jpg,PEO ACWA,CC BY 2.0
Blue_Grass_Chemical_Agent_Destruction_Pilot_Plant_Control_Room_13427597844_.jpg,Control rooms,https://commons.wikimedia.org/wiki/File:Blue_Grass_Chemical_Agent-Destruction_Pilot_Plant_Control_Room_(13427597844).jpg,PEO ACWA,CC BY 2.0
Blue_Grass_Chemical_Agent_Destruction_Pilot_Plant_Static_Detonation_Chamber_1917.jpg,Control rooms,https://commons.wikimedia.org/wiki/File:Blue_Grass_Chemical_Agent-Destruction_Pilot_Plant_Static_Detonation_Chamber_(19176341705).jpg,PEO ACWA,CC BY 2.0
Bokcontrolroom.jpg,Control rooms,https://commons.wikimedia.org/wiki/File:Bokcontrolroom.JPG,General Epitaph,CC BY 3.0
Calibrating_instruments_in_the_VLT_control_room_paranal_instr_.jpg,Control rooms,https://commons.wikimedia.org/wiki/File:Calibrating_instruments_in_the_VLT_control_room_(paranal-instr).jpg,ESO,CC BY 4.0
CBP_unmanned_aerial_vehicle_control.jpg,Control rooms,https://commons.wikimedia.org/wiki/File:CBP_unmanned_aerial_vehicle_control.jpg,"Gerald Nino, CBP, U.S. Dept. of Homeland Security",Public domain
07_16_53859944231.jpg,Server rooms,https://commons.wikimedia.org/wiki/File:07.16_%E7%B8%BD%E7%B5%B1%E8%A6%96%E5%AF%9F%E4%B8%AD%E5%A4%AE%E6%B0%A3%E8%B1%A1%E7%BD%B2_-_53859944231.jpg,總統府,CC BY 2.0
139_Server_Room_01.jpg,Server rooms,https://commons.wikimedia.org/wiki/File:139_Server_Room_01.jpg,Indrajit Das,CC BY-SA 3.0
312_Adelaide_Street_6th_floor_server_room_5278379952_.jpg,Server rooms,https://commons.wikimedia.org/wiki/File:312_Adelaide_Street_-_6th_floor_server_room_(5278379952).jpg,Mike Beltzner,CC BY-SA 2.0
A_NASA_computer_server_farm_a.jpg,Server rooms,https://commons.wikimedia.org/wiki/File:A_NASA_computer_server_farm_-a.jpg,NASA,Public domain
A_view_of_the_server_room_at_The_National_Archives.jpg,Server rooms,https://commons.wikimedia.org/wiki/File:A_view_of_the_server_room_at_The_National_Archives.jpg,The National Archives (UK),CC BY 3.0
Adder_Technoloy_Testlabor.jpg,Server rooms,https://commons.wikimedia.org/wiki/File:Adder_Technoloy_Testlabor.JPG,Thomas Mussnig,CC BY-SA 3.0
Argonite_automatic_fire_suppression_system_server_room.jpg,Server rooms,https://commons.wikimedia.org/wiki/File:Argonite_automatic_fire_suppression_system_server_room.jpg,Froztbyte,CC BY-SA 3.0
Asperitas_AIC24_Immersion_system.jpg,Server rooms,https://commons.wikimedia.org/wiki/File:Asperitas_AIC24_Immersion_system.jpg,Rolf Brink,CC BY-SA 4.0
Asperitas_AIC24.jpg,Server rooms,https://commons.wikimedia.org/wiki/File:Asperitas_AIC24.jpg,Rolf Brink,CC BY-SA 4.0
Bedrijfsruimten_Bestanddeelnr_919_5079.jpg,Server rooms,"https://commons.wikimedia.org/wiki/File:Bedrijfsruimten,_Bestanddeelnr_919-5079.jpg",Ron Kroon for Anefo,CC0
Bedrijfsruimten_Bestanddeelnr_919_5080.jpg,Server rooms,"https://commons.wikimedia.org/wiki/File:Bedrijfsruimten,_Bestanddeelnr_919-5080.jpg",Ron Kroon for Anefo,CC0
Bedrijfsruimten_Bestanddeelnr_919_5081.jpg,Server rooms,"https://commons.wikimedia.org/wiki/File:Bedrijfsruimten,_Bestanddeelnr_919-5081.jpg",Ron Kroon for Anefo,CC0
Bedrijsruimten_Bestanddeelnr_919_5087.jpg,Server rooms,"https://commons.wikimedia.org/wiki/File:Bedrijsruimten,_Bestanddeelnr_919-5087.jpg",Ron Kroon for Anefo,CC0
CERN_Computer_Center_02.jpg,Server rooms,https://commons.wikimedia.org/wiki/File:CERN_Computer_Center_02.jpg,SimonWaldherr,CC BY-SA 4.0
CERN_Computer_Center_03.jpg,Server rooms,https://commons.wikimedia.org/wiki/File:CERN_Computer_Center_03.jpg,SimonWaldherr,CC BY-SA 4.0
CERN_Computer_Center_04.jpg,Server rooms,https://commons.wikimedia.org/wiki/File:CERN_Computer_Center_04.jpg,SimonWaldherr,CC BY-SA 4.0
CERN_Computer_Center_05.jpg,Server rooms,https://commons.wikimedia.org/wiki/File:CERN_Computer_Center_05.jpg,SimonWaldherr,CC BY-SA 4.0
CERN_Computer_Center_06.jpg,Server rooms,https://commons.wikimedia.org/wiki/File:CERN_Computer_Center_06.jpg,SimonWaldherr,CC BY-SA 4.0
CERN_Computer_Center_07.jpg,Server rooms,https://commons.wikimedia.org/wiki/File:CERN_Computer_Center_07.jpg,SimonWaldherr,CC BY-SA 4.0
CERN_Computer_Center_08.jpg,Server rooms,https://commons.wikimedia.org/wiki/File:CERN_Computer_Center_08.jpg,SimonWaldherr,CC BY-SA 4.0
CERN_Computer_Center_09.jpg,Server rooms,https://commons.wikimedia.org/wiki/File:CERN_Computer_Center_09.jpg,SimonWaldherr,CC BY-SA 4.0
CERN_Computer_Center_10.jpg,Server rooms,https://commons.wikimedia.org/wiki/File:CERN_Computer_Center_10.jpg,SimonWaldherr,CC BY-SA 4.0
CERN_Computer_Center_11.jpg,Server rooms,https://commons.wikimedia.org/wiki/File:CERN_Computer_Center_11.jpg,SimonWaldherr,CC BY-SA 4.0
CERN_Computer_Center_12.jpg,Server rooms,https://commons.wikimedia.org/wiki/File:CERN_Computer_Center_12.jpg,SimonWaldherr,CC BY-SA 4.0
CERN_Server_02.jpg,Server rooms,https://commons.wikimedia.org/wiki/File:CERN_Server_02.jpg,Florian Hirzinger - www.fh-ap.com,CC BY-SA 3.0
CERN_Server_03.jpg,Server rooms,https://commons.wikimedia.org/wiki/File:CERN_Server_03.jpg,Florian Hirzinger - www.fh-ap.com,CC BY-SA 3.0
CERN_Server.jpg,Server rooms,https://commons.wikimedia.org/wiki/File:CERN_Server.jpg,Florian Hirzinger – www.fh-ap.com,CC BY-SA 3.0
Channel_1_Israel_DSC0371.jpg,Server rooms,https://commons.wikimedia.org/wiki/File:Channel_1_Israel_DSC0371.jpg,Arielinson,CC BY-SA 4.0
Channel_1_Israel_DSC0374.jpg,Server rooms,https://commons.wikimedia.org/wiki/File:Channel_1_Israel_DSC0374.jpg,Arielinson,CC BY-SA 4.0
Channel_1_Israel_DSC0376.jpg,Server rooms,https://commons.wikimedia.org/wiki/File:Channel_1_Israel_DSC0376.jpg,Arielinson,CC BY-SA 4.0
1_Satz_Unterbrecherkontakte_SahiFa_Braunschweig_AP3Q0084_edit.jpg,Circuit breakers,"https://commons.wikimedia.org/wiki/File:1_Satz_Unterbrecherkontakte,_SahiFa_Braunschweig,_AP3Q0084_edit.jpg",Christoph Braun,CC0
10_ampeerin_tulppasulakeautomaatti.jpg,Circuit breakers,https://commons.wikimedia.org/wiki/File:10_ampeerin_tulppasulakeautomaatti.jpg,Vesa Linja-aho,CC BY 3.0
2026_05_17_08_35_49_Circuit_breaker_panel_within_a_house_in_the_Mountainview_sec.jpg,Circuit breakers,"https://commons.wikimedia.org/wiki/File:2026-05-17_08_35_49_Circuit_breaker_panel_within_a_house_in_the_Mountainview_section_of_Ewing_Township,_Mercer_County,_New_Jersey.jpg",Famartin,CC BY-SA 4.0
2026_05_17_08_36_04_Circuit_breaker_panel_within_a_house_in_the_Mountainview_sec.jpg,Circuit breakers,"https://commons.wikimedia.org/wiki/File:2026-05-17_08_36_04_Circuit_breaker_panel_within_a_house_in_the_Mountainview_section_of_Ewing_Township,_Mercer_County,_New_Jersey.jpg",Famartin,CC BY-SA 4.0
2026_05_17_08_36_08_Circuit_breaker_panel_within_a_house_in_the_Mountainview_sec.jpg,Circuit breakers,"https://commons.wikimedia.org/wiki/File:2026-05-17_08_36_08_Circuit_breaker_panel_within_a_house_in_the_Mountainview_section_of_Ewing_Township,_Mercer_County,_New_Jersey.jpg",Famartin,CC BY-SA 4.0
Bahnhof_Mainz_Mombach_Oberleitungsmast_an_Weiche.jpg,Circuit breakers,https://commons.wikimedia.org/wiki/File:Bahnhof_Mainz-Mombach_-_Oberleitungsmast_an_Weiche.jpg,ManuelB701,CC0
Bahnhof_Mainz_Mombach_Weiche_vor_Oberleitungsmast.jpg,Circuit breakers,https://commons.wikimedia.org/wiki/File:Bahnhof_Mainz-Mombach_-_Weiche_vor_Oberleitungsmast.jpg,ManuelB701,CC0
Bezpiecznik_automatyczny.jpg,Circuit breakers,https://commons.wikimedia.org/wiki/File:Bezpiecznik_automatyczny.jpg,Koefbac,Public domain
BTicino_Magic_electrical_installation_modern_configuration.jpg,Circuit breakers,https://commons.wikimedia.org/wiki/File:BTicino_Magic_electrical_installation_modern_configuration.jpg,Carnby,CC BY-SA 4.0
Circuit_breaker_and_a_cut_out.jpg,Circuit breakers,https://commons.wikimedia.org/wiki/File:Circuit_breaker_and_a_cut-out.jpg,Jiafei Slay Queen,CC0
Circuit_breaker_Single_pole_Non_tripfree_20Amp_30Volts_AN_3160_pic1.jpg,Circuit breakers,"https://commons.wikimedia.org/wiki/File:Circuit_breaker,_Single_pole,_Non-tripfree,_20Amp-30Volts,_AN_3160_pic1.JPG",Alf van Beem,CC0
Circuit_breaker_Single_pole_Non_tripfree_20Amp_30Volts_AN_3160_pic4.jpg,Circuit breakers,"https://commons.wikimedia.org/wiki/File:Circuit_breaker,_Single_pole,_Non-tripfree,_20Amp-30Volts,_AN_3160_pic4.JPG",Alf van Beem,CC0
Circuit_Breaker.jpg,Circuit breakers,https://commons.wikimedia.org/wiki/File:Circuit_Breaker.jpg,Douglas Paul Perkins,CC0
Circuit_breaker.jpg,Circuit breakers,https://commons.wikimedia.org/wiki/File:Circuit_breaker.jpg,Pnguyen6224,CC BY-SA 4.0
Colour_coded_circuit_breakers_369347205_.jpg,Circuit breakers,https://commons.wikimedia.org/wiki/File:Colour_coded_circuit_breakers_(369347205).jpg,"Shawn from Airdrie, Canada",CC BY-SA 2.0
Endress_ESE_607_Silent_Bedienfeld.jpg,Circuit breakers,https://commons.wikimedia.org/wiki/File:Endress_ESE_607_Silent_Bedienfeld.jpg,Reise Reise,CC BY-SA 3.0
FUJI_HA12U_VCB_600A.jpg,Circuit breakers,https://commons.wikimedia.org/wiki/File:FUJI_HA12U_VCB_600A.jpg,shampoorobot,CC BY-SA 3.0
Grenoble_Disjoncteur_BT_N1CD_propri_t_de_la_ville_sept_2025_.jpg,Circuit breakers,"https://commons.wikimedia.org/wiki/File:Grenoble_-_Disjoncteur_BT_N1CD,_propri%C3%A9t%C3%A9_de_la_ville_(sept_2025).jpg",Sebleouf,CC BY-SA 4.0
Havana_Chancery_Office_Building_1980_DPLA_b04a365a7a141427b4f9f2f9fccbeb2c.jpg,Circuit breakers,https://commons.wikimedia.org/wiki/File:Havana_-_Chancery_Office_Building_-_1980_-_DPLA_-_b04a365a7a141427b4f9f2f9fccbeb2c.jpg,Department of State. Office of the Undersecretary for Management. Bureau of Overseas Buildings Operations. (2001),Public domain
HB8_7947_bearbeitet_1.jpg,Circuit breakers,https://commons.wikimedia.org/wiki/File:HB8_7947_bearbeitet_1.jpg,Falke 7,CC BY-SA 4.0
Hepco_service_breaker_60A.jpg,Circuit breakers,https://commons.wikimedia.org/wiki/File:Hepco_service_breaker_60A.jpg,Emesh,CC BY-SA 4.0
Hlavn_jisti_.jpg,Circuit breakers,https://commons.wikimedia.org/wiki/File:Hlavn%C3%AD_jisti%C4%8D.jpg,Palu,CC BY-SA 4.0
Newfoundland_and_Nova_Scotia_2011_5877523160_.jpg,Circuit breakers,https://commons.wikimedia.org/wiki/File:Newfoundland_and_Nova_Scotia_2011_(5877523160).jpg,"Jeremy T. Hetzel from Boston, USA",CC BY 2.0
Overhead_panel_of_B747_100_cockpit.jpg,Circuit breakers,https://commons.wikimedia.org/wiki/File:Overhead_panel_of_B747-100_cockpit.jpg,Olivier Cleynen,CC BY-SA 3.0
Resetting_a_tripped_circuit_breaker.jpg,Circuit breakers,https://commons.wikimedia.org/wiki/File:Resetting_a_tripped_circuit_breaker.jpg,Department of Defense. American Forces Information Service. Defense Visual Information Center. 1994,Public domain
Seattle_Moore_Theatre_electricals_02.jpg,Circuit breakers,https://commons.wikimedia.org/wiki/File:Seattle_-_Moore_Theatre_-_electricals_02.jpg,Joe Mabel.,CC BY-SA 3.0
Stab_Lok_circuit_breaker_panel_interior_.jpg,Circuit breakers,https://commons.wikimedia.org/wiki/File:Stab-Lok_circuit_breaker_panel_interior_.jpg,Repeater-reclaim,CC BY-SA 4.0
Tepco_SB_2W_10A_15A_20A.jpg,Circuit breakers,https://commons.wikimedia.org/wiki/File:Tepco_SB_2W_10A_15A_20A.jpg,Bnon,CC BY-SA 3.0
411g_19_.jpg,Electrical enclosures,https://commons.wikimedia.org/wiki/File:411g_(19).jpg,RPC Communication Unit,CC BY-SA 4.0
411g_7_.jpg,Electrical enclosures,https://commons.wikimedia.org/wiki/File:411g_(7).jpg,RPC Communication Unit,CC BY-SA 4.0
411g_8_.jpg,Electrical enclosures,https://commons.wikimedia.org/wiki/File:411g_(8).jpg,RPC Communication Unit,CC BY-SA 4.0
411g_9_.jpg,Electrical enclosures,https://commons.wikimedia.org/wiki/File:411g_(9).jpg,RPC Communication Unit,CC BY-SA 4.0
A_F_EQUIPMENT_ON_PEDESTAL_BEXAR_DPLA_ebd311f034322f18a50fe3a14ef8f3e6.jpg,Electrical enclosures,"https://commons.wikimedia.org/wiki/File:A%26F_EQUIPMENT_ON_PEDESTAL,_BEXAR_-_DPLA_-_ebd311f034322f18a50fe3a14ef8f3e6.jpg",Department of Energy. National Nuclear Security Administration. Sandia National Laboratories. 3/1/2000,Public domain
A_F_RED_SHACK_NEVADA_TEST_SITE_DPLA_0fb10e33b8698a2a34d2098dc85cbabe.jpg,Electrical enclosures,"https://commons.wikimedia.org/wiki/File:A%26F_RED_SHACK,_NEVADA_TEST_SITE_-_DPLA_-_0fb10e33b8698a2a34d2098dc85cbabe.jpg",Department of Energy. National Nuclear Security Administration. Sandia National Laboratories. 3/1/2000,Public domain
A_F_RED_SHACK_NEVADA_TEST_SITE_DPLA_c5d3520ae8e89dae68d711e4e16ac08f.jpg,Electrical enclosures,"https://commons.wikimedia.org/wiki/File:A%26F_RED_SHACK,_NEVADA_TEST_SITE_-_DPLA_-_c5d3520ae8e89dae68d711e4e16ac08f.jpg",Department of Energy. National Nuclear Security Administration. Sandia National Laboratories. 3/1/2000,Public domain
Artour_Steuerung.jpg,Electrical enclosures,https://commons.wikimedia.org/wiki/File:Artour_Steuerung.jpg,1-Byte,CC BY 4.0
BarsuchkiHPP_05.jpg,Electrical enclosures,https://commons.wikimedia.org/wiki/File:BarsuchkiHPP_05.jpg,Сайга20К,CC BY-SA 4.0
Blue_Grass_Chemical_Agent_Destruction_Pilot_Plant_Control_and_Support_Building_8.jpg,Electrical enclosures,https://commons.wikimedia.org/wiki/File:Blue_Grass_Chemical_Agent-Destruction_Pilot_Plant_Control_and_Support_Building_(8407713277).jpg,PEO ACWA,CC BY 2.0
Blue_Grass_Chemical_Agent_Destruction_Pilot_Plant_Control_and_Support_Building_8.jpg,Electrical enclosures,https://commons.wikimedia.org/wiki/File:Blue_Grass_Chemical_Agent-Destruction_Pilot_Plant_Control_and_Support_Building_(8497437747).jpg,PEO ACWA,CC BY 2.0
Blue_Grass_Chemical_Agent_Destruction_Pilot_Plant_Explosive_Destruction_Technolo.jpg,Electrical enclosures,https://commons.wikimedia.org/wiki/File:Blue_Grass_Chemical_Agent-Destruction_Pilot_Plant_Explosive_Destruction_Technology_Facility_(28416656130).jpg,PEO ACWA,CC BY 2.0
Blue_Grass_Chemical_Agent_Destruction_Pilot_Plant_Munitions_Demilitarization_Bui.jpg,Electrical enclosures,https://commons.wikimedia.org/wiki/File:Blue_Grass_Chemical_Agent-Destruction_Pilot_Plant_Munitions_Demilitarization_Building_(28783216045).jpg,PEO ACWA,CC BY 2.0
Boites_lectriques_d_un_b_timent_au_B_nin.jpg,Electrical enclosures,https://commons.wikimedia.org/wiki/File:Boites_%C3%A9lectriques_d%27un_b%C3%A2timent_au_B%C3%A9nin.jpg,Adoscam,CC BY-SA 4.0
Bouda_3.jpg,Electrical enclosures,https://commons.wikimedia.org/wiki/File:Bouda_3.jpg,Panellmann14,CC BY-SA 4.0
Brno_Mahenovo_divadlo_Edison_rozvodn_pojistkov_sk_.jpg,Electrical enclosures,"https://commons.wikimedia.org/wiki/File:Brno,_Mahenovo_divadlo,_Edison,_rozvodn%C3%A1_pojistkov%C3%A1_sk%C5%99%C3%AD%C5%88.JPG",Palickap,CC BY-SA 4.0
BUTTON_UP_SHOTS_DISKO_ELM_DPLA_88764e31b84ec79f4ea2985043a4aed1.jpg,Electrical enclosures,"https://commons.wikimedia.org/wiki/File:BUTTON_UP_SHOTS,_DISKO_ELM_-_DPLA_-_88764e31b84ec79f4ea2985043a4aed1.jpg",Department of Energy. National Nuclear Security Administration. Sandia National Laboratories. 3/1/2000,Public domain
BUTTON_UP_SHOTS_DISKO_ELM_DPLA_b84256fbab281a8f33d25798227b80e6.jpg,Electrical enclosures,"https://commons.wikimedia.org/wiki/File:BUTTON_UP_SHOTS,_DISKO_ELM_-_DPLA_-_b84256fbab281a8f33d25798227b80e6.jpg",Department of Energy. National Nuclear Security Administration. Sandia National Laboratories. 3/1/2000,Public domain
BYPASS_DRIFT_CABLE_GASBLOCK_MINERAL_QUARRY_DPLA_2f08b76368c70159e40db937e4c922c4.jpg,Electrical enclosures,"https://commons.wikimedia.org/wiki/File:BYPASS_DRIFT_CABLE_GASBLOCK,_MINERAL_QUARRY_-_DPLA_-_2f08b76368c70159e40db937e4c922c4.jpg",Department of Energy. National Nuclear Security Administration. Sandia National Laboratories. 3/1/2000,Public domain
CABLES_TO_TRAILER_SANDREEF_DPLA_a1c06a3415efb54a71170b97ee9899ce.jpg,Electrical enclosures,"https://commons.wikimedia.org/wiki/File:CABLES_TO_TRAILER,_SANDREEF_-_DPLA_-_a1c06a3415efb54a71170b97ee9899ce.jpg",Department of Energy. National Nuclear Security Administration. Sandia National Laboratories. 3/1/2000,Public domain
Connecting_cables_in_an_electrical_panel_for_the_tunnel_ventilation_fan_06_20_19.jpg,Electrical enclosures,https://commons.wikimedia.org/wiki/File:Connecting_cables_in_an_electrical_panel_for_the_tunnel_ventilation_fan._06-20-19_(48105099898).jpg,MTA Capital Construction Mega Projects,CC BY 2.0
El_Espa_ol_Hostel_Colonia.jpg,Electrical enclosures,"https://commons.wikimedia.org/wiki/File:El_Espa%C3%B1ol_Hostel,_Colonia.jpg",Mx. Granger,CC0
Elsk_p_81610_1D.jpg,Electrical enclosures,https://commons.wikimedia.org/wiki/File:Elsk%C3%A5p_81610-1D.jpg,Bene Riobó,CC BY-SA 4.0
FAC_SUITCASE_MISSION_CYBER_DPLA_a2f347802af51388c388781c619f4d7e.jpg,Electrical enclosures,"https://commons.wikimedia.org/wiki/File:FAC_SUITCASE,_MISSION_CYBER_-_DPLA_-_a2f347802af51388c388781c619f4d7e.jpg",Department of Energy. National Nuclear Security Administration. Sandia National Laboratories. 3/1/2000,Public domain
FAST_ALCOVE_2_4_MISSION_CYBER_DPLA_69bf61e560854dbc7350d0bb13ec2bd5.jpg,Electrical enclosures,"https://commons.wikimedia.org/wiki/File:FAST_ALCOVE_2-4,_MISSION_CYBER_-_DPLA_-_69bf61e560854dbc7350d0bb13ec2bd5.jpg",Department of Energy. National Nuclear Security Administration. Sandia National Laboratories. 3/1/2000,Public domain
FAST_ALCOVE_2_4_MISSION_CYBER_DPLA_cd6c9d2e87ac27bda39cfaa974e87657.jpg,Electrical enclosures,"https://commons.wikimedia.org/wiki/File:FAST_ALCOVE_2-4,_MISSION_CYBER_-_DPLA_-_cd6c9d2e87ac27bda39cfaa974e87657.jpg",Department of Energy. National Nuclear Security Administration. Sandia National Laboratories. 3/1/2000,Public domain
FAST_GATE_BUILD_UP_DIABLO_HAWK_DPLA_3b1fccccd122eb0ce21571f3022026be.jpg,Electrical enclosures,"https://commons.wikimedia.org/wiki/File:FAST_GATE_BUILD_UP,_DIABLO_HAWK_-_DPLA_-_3b1fccccd122eb0ce21571f3022026be.jpg",Department of Energy. National Nuclear Security Administration. Sandia National Laboratories. 3/1/2000,Public domain
FIBER_OPTICS_GEAR_NEVADA_TEST_SITE_DPLA_6b31fdad562f849f29d6c81c41a4d16c.jpg,Electrical enclosures,"https://commons.wikimedia.org/wiki/File:FIBER_OPTICS_GEAR,_NEVADA_TEST_SITE_-_DPLA_-_6b31fdad562f849f29d6c81c41a4d16c.jpg",Department of Energy. National Nuclear Security Administration. Sandia National Laboratories. 3/1/2000,Public domain
FIBER_OPTICS_RACK_MINERAL_QUARRY_DPLA_ce502b42c7eb1a97677a90e268461452.jpg,Electrical enclosures,"https://commons.wikimedia.org/wiki/File:FIBER_OPTICS_RACK,_MINERAL_QUARRY_-_DPLA_-_ce502b42c7eb1a97677a90e268461452.jpg",Department of Energy. National Nuclear Security Administration. Sandia National Laboratories. 3/1/2000,Public domain
FINAL_BUTTON_UP_OUTSIDE_TC_1_MISSION_CYBER_DPLA_f45a21145bd774bbd890c2ce42c87947.jpg,Electrical enclosures,"https://commons.wikimedia.org/wiki/File:FINAL_BUTTON_UP_OUTSIDE_TC-1,_MISSION_CYBER_-_DPLA_-_f45a21145bd774bbd890c2ce42c87947.jpg",Department of Energy. National Nuclear Security Administration. Sandia National Laboratories. 3/1/2000,Public domain
20171209_BRASS_machinezaal_01_002.jpg,Machine rooms,https://commons.wikimedia.org/wiki/File:20171209_BRASS_machinezaal_01_002.jpg,Rony Vissers,CC BY 4.0
20171209_BRASS_machinezaal_01_003.jpg,Machine rooms,https://commons.wikimedia.org/wiki/File:20171209_BRASS_machinezaal_01_003.jpg,Rony Vissers,CC BY 4.0
20171209_BRASS_machinezaal_01_004.jpg,Machine rooms,https://commons.wikimedia.org/wiki/File:20171209_BRASS_machinezaal_01_004.jpg,Rony Vissers,CC BY 4.0
20171209_BRASS_machinezaal_01_005.jpg,Machine rooms,https://commons.wikimedia.org/wiki/File:20171209_BRASS_machinezaal_01_005.jpg,Rony Vissers,CC BY 4.0
20171209_BRASS_machinezaal_01_006.jpg,Machine rooms,https://commons.wikimedia.org/wiki/File:20171209_BRASS_machinezaal_01_006.jpg,Rony Vissers,CC BY 4.0
20171209_BRASS_machinezaal_01_007.jpg,Machine rooms,https://commons.wikimedia.org/wiki/File:20171209_BRASS_machinezaal_01_007.jpg,Rony Vissers,CC BY 4.0
20171209_BRASS_machinezaal_01_008.jpg,Machine rooms,https://commons.wikimedia.org/wiki/File:20171209_BRASS_machinezaal_01_008.jpg,Rony Vissers,CC BY 4.0
20171209_BRASS_machinezaal_01_009.jpg,Machine rooms,https://commons.wikimedia.org/wiki/File:20171209_BRASS_machinezaal_01_009.jpg,Rony Vissers,CC BY 4.0
20171209_BRASS_machinezaal_01_010.jpg,Machine rooms,https://commons.wikimedia.org/wiki/File:20171209_BRASS_machinezaal_01_010.jpg,Rony Vissers,CC BY 4.0
20171209_BRASS_machinezaal_01_011.jpg,Machine rooms,https://commons.wikimedia.org/wiki/File:20171209_BRASS_machinezaal_01_011.jpg,Rony Vissers,CC BY 4.0
20171209_BRASS_machinezaal_01_012.jpg,Machine rooms,https://commons.wikimedia.org/wiki/File:20171209_BRASS_machinezaal_01_012.jpg,Rony Vissers,CC BY 4.0
20171209_BRASS_machinezaal_01_013.jpg,Machine rooms,https://commons.wikimedia.org/wiki/File:20171209_BRASS_machinezaal_01_013.jpg,Rony Vissers,CC BY 4.0
6513_F_rigen_Festung_F_rigen_Maschinenraum.jpg,Machine rooms,https://commons.wikimedia.org/wiki/File:6513_-_F%C3%BCrigen_-_Festung_F%C3%BCrigen_-_Maschinenraum.JPG,Andrew Bossi,CC BY-SA 2.5
Elevator_machine_room.jpg,Machine rooms,https://commons.wikimedia.org/wiki/File:Elevator_machine_room.jpg,Filip.vidinovski,CC BY-SA 4.0
HK_WTSD_Choi_Hung_Station_platform_night_October_2023_R12S.jpg,Machine rooms,https://commons.wikimedia.org/wiki/File:HK_WTSD_%E5%BD%A9%E8%99%B9%E7%AB%99_Choi_Hung_Station_%E6%9C%88%E5%8F%B0_platform_night_October_2023_R12S.jpg,BEiNomgFom 5538,CC BY-SA 4.0
La_salle_des_machines_de_la_Bourse_de_commerce_Paris_51272125131_.jpg,Machine rooms,https://commons.wikimedia.org/wiki/File:La_salle_des_machines_de_la_Bourse_de_commerce_(Paris)_(51272125131).jpg,Jean-Pierre Dalbéra,CC BY 2.0
Machine_Room_30832014508_.jpg,Machine rooms,https://commons.wikimedia.org/wiki/File:Machine_Room_(30832014508).jpg,Magnus Hagdorn from UK,CC BY-SA 2.0
Strojovna_p_ehrady_B_ezov_.jpg,Machine rooms,https://commons.wikimedia.org/wiki/File:Strojovna_p%C5%99ehrady_B%C5%99ezov%C3%A1.jpg,Jenda7,CC BY-SA 3.0
Trellick_Tower_Lift_Motor_Room_01.jpg,Machine rooms,https://commons.wikimedia.org/wiki/File:Trellick_Tower_Lift_Motor_Room_01.JPG,Danielrichardbond,CC BY-SA 4.0
Trellick_Tower_Lift_Motor_Room_02.jpg,Machine rooms,https://commons.wikimedia.org/wiki/File:Trellick_Tower_Lift_Motor_Room_02.JPG,Danielrichardbond,CC BY-SA 4.0
Trellick_Tower_Lift_Motor_Room_03.jpg,Machine rooms,https://commons.wikimedia.org/wiki/File:Trellick_Tower_Lift_Motor_Room_03.JPG,Danielrichardbond,CC BY-SA 4.0
Trellick_Tower_Lift_Motor_Room_04.jpg,Machine rooms,https://commons.wikimedia.org/wiki/File:Trellick_Tower_Lift_Motor_Room_04.JPG,Danielrichardbond,CC BY-SA 4.0
Trellick_Tower_Plant_Room_01.jpg,Machine rooms,https://commons.wikimedia.org/wiki/File:Trellick_Tower_Plant_Room_01.JPG,Danielrichardbond,CC BY-SA 4.0
Trellick_Tower_Plant_Room_02.jpg,Machine rooms,https://commons.wikimedia.org/wiki/File:Trellick_Tower_Plant_Room_02.JPG,Danielrichardbond,CC BY-SA 4.0
Trellick_Tower_Plant_Room_03.jpg,Machine rooms,https://commons.wikimedia.org/wiki/File:Trellick_Tower_Plant_Room_03.JPG,Danielrichardbond,CC BY-SA 4.0
Trellick_Tower_Plant_Room_04.jpg,Machine rooms,https://commons.wikimedia.org/wiki/File:Trellick_Tower_Plant_Room_04.JPG,Danielrichardbond,CC BY-SA 4.0
Trellick_Tower_Plant_Room_05.jpg,Machine rooms,https://commons.wikimedia.org/wiki/File:Trellick_Tower_Plant_Room_05.JPG,Danielrichardbond,CC BY-SA 4.0
Trellick_Tower_Plant_Room_06.jpg,Machine rooms,https://commons.wikimedia.org/wiki/File:Trellick_Tower_Plant_Room_06.jpg,Danielrichardbond,CC BY-SA 4.0
Vasters_8016_7102572015_2_.jpg,Machine rooms,https://commons.wikimedia.org/wiki/File:Vasters_8016_(7102572015)_(2).jpg,"Clemens Vasters from Viersen, Germany",CC BY 2.0
