photo,relay,model,location,x1,y1,x2,y2,width_px,distance_m,view_angle_deg,in_frame,difficulty
sweep01_face1.jpg,H05,"ABB Relion 615, wide HMI (F1-F16)",ABB switchgear panel H05,411,1696,613,1824,202,3.66,28,1.0,clear
sweep01_face4.jpg,H01,"ABB Relion 615, wide HMI (F1-F16)",ABB switchgear panel H01,2748,1851,2798,1913,49,6.59,60,1.0,hard: small
sweep01_face4.jpg,H02,"ABB Relion 615, wide HMI (F1-F16)",ABB switchgear panel H02,2963,1822,3033,1897,70,5.67,55,1.0,clear
sweep01_face4.jpg,H03,"ABB Relion 615, wide HMI (F1-F16)",ABB switchgear panel H03,3259,1778,3363,1873,105,4.89,48,1.0,clear
sweep01_face4.jpg,H04,"ABB Relion 615, wide HMI (F1-F16)",ABB switchgear panel H04,3734,1705,3905,1828,171,4.21,38,1.0,clear
sweep02_face4.jpg,H01,"ABB Relion 615, wide HMI (F1-F16)",ABB switchgear panel H01,2014,1846,2051,1908,37,6.2,68,1.0,"hard: steep angle, small"
sweep02_face4.jpg,H02,"ABB Relion 615, wide HMI (F1-F16)",ABB switchgear panel H02,2164,1820,2215,1894,51,5.2,64,1.0,hard: small
sweep02_face4.jpg,H03,"ABB Relion 615, wide HMI (F1-F16)",ABB switchgear panel H03,2366,1782,2440,1874,73,4.34,58,1.0,clear
sweep02_face4.jpg,H04,"ABB Relion 615, wide HMI (F1-F16)",ABB switchgear panel H04,2680,1721,2793,1835,113,3.54,48,1.0,clear
sweep02_face4.jpg,H05,"ABB Relion 615, wide HMI (F1-F16)",ABB switchgear panel H05,3219,1607,3433,1781,214,2.85,37,1.0,clear
sweep02_face4.jpg,OT1-lower,"ABB Relion 615, compact HMI (F1-F4)","VEO cabinet OT1, lower",910,1967,932,2035,22,5.86,76,1.0,"hard: steep angle, small"
sweep03_face1.jpg,H04,"ABB Relion 615, wide HMI (F1-F16)",ABB switchgear panel H04,675,1591,927,1760,251,2.59,25,1.0,clear
sweep03_face1.jpg,H05,"ABB Relion 615, wide HMI (F1-F16)",ABB switchgear panel H05,1643,1638,1867,1798,224,2.36,15,1.0,clear
sweep03_face4.jpg,H01,"ABB Relion 615, wide HMI (F1-F16)",ABB switchgear panel H01,2848,1782,2920,1872,72,4.75,60,1.0,clear
sweep03_face4.jpg,H02,"ABB Relion 615, wide HMI (F1-F16)",ABB switchgear panel H02,3180,1713,3301,1836,121,3.84,53,1.0,clear
sweep03_face4.jpg,H03,"ABB Relion 615, wide HMI (F1-F16)",ABB switchgear panel H03,3749,1584,3987,1770,238,3.12,42,1.0,clear
sweep03_face4.jpg,OT1-lower,"ABB Relion 615, compact HMI (F1-F4)","VEO cabinet OT1, lower",1446,1967,1474,2053,28,4.23,74,1.0,"hard: steep angle, small"
sweep03_face4.jpg,OT1-upper,"ABB Relion 615, wide HMI (F1-F16)","VEO cabinet OT1, upper",1455,1809,1469,1900,13,4.25,84,1.0,"hard: steep angle, small"
sweep04_face1.jpg,H03,"ABB Relion 615, wide HMI (F1-F16)",ABB switchgear panel H03,398,1565,703,1757,304,2.53,21,1.0,clear
sweep04_face1.jpg,H04,"ABB Relion 615, wide HMI (F1-F16)",ABB switchgear panel H04,1474,1649,1684,1811,210,2.45,16,1.0,clear
sweep04_face1.jpg,H05,"ABB Relion 615, wide HMI (F1-F16)",ABB switchgear panel H05,2274,1716,2449,1857,175,2.74,32,1.0,clear
sweep04_face4.jpg,H01,"ABB Relion 615, wide HMI (F1-F16)",ABB switchgear panel H01,2783,1730,2897,1847,114,3.7,50,1.0,clear
sweep04_face4.jpg,H02,"ABB Relion 615, wide HMI (F1-F16)",ABB switchgear panel H02,3372,1616,3594,1790,222,2.96,37,1.0,clear
sweep04_face4.jpg,OT1-lower,"ABB Relion 615, compact HMI (F1-F4)","VEO cabinet OT1, lower",795,1944,853,2086,57,2.92,71,1.0,"hard: steep angle, small"
sweep04_face4.jpg,OT1-upper,"ABB Relion 615, wide HMI (F1-F16)","VEO cabinet OT1, upper",810,1683,846,1839,36,2.94,82,1.0,"hard: steep angle, small"
sweep05_face2.jpg,OT1-lower,"ABB Relion 615, compact HMI (F1-F4)","VEO cabinet OT1, lower",1302,1910,1394,2112,91,1.89,66,1.0,hard: steep angle
sweep05_face2.jpg,OT1-upper,"ABB Relion 615, wide HMI (F1-F16)","VEO cabinet OT1, upper",1315,1533,1392,1770,77,1.91,76,1.0,hard: steep angle
sweep05_face3.jpg,H01,"ABB Relion 615, wide HMI (F1-F16)",ABB switchgear panel H01,375,1619,608,1773,234,2.99,37,1.0,clear
sweep05_face3.jpg,H02,"ABB Relion 615, wide HMI (F1-F16)",ABB switchgear panel H02,1327,1653,1546,1804,219,2.52,20,1.0,clear
sweep05_face3.jpg,H03,"ABB Relion 615, wide HMI (F1-F16)",ABB switchgear panel H03,2181,1679,2394,1828,212,2.46,17,1.0,clear
sweep05_face3.jpg,H04,"ABB Relion 615, wide HMI (F1-F16)",ABB switchgear panel H04,3013,1700,3208,1846,194,2.79,34,1.0,clear
sweep05_face3.jpg,H05,"ABB Relion 615, wide HMI (F1-F16)",ABB switchgear panel H05,3828,1725,4040,1870,212,3.38,47,1.0,clear
sweep06_face2.jpg,OT1-lower,"ABB Relion 615, compact HMI (F1-F4)","VEO cabinet OT1, lower",880,1828,1131,2215,251,1.08,53,1.0,clear
sweep06_face2.jpg,OT1-upper,"ABB Relion 615, wide HMI (F1-F16)","VEO cabinet OT1, upper",869,1079,1148,1599,279,1.13,64,1.0,clear
sweep06_face3.jpg,H01,"ABB Relion 615, wide HMI (F1-F16)",ABB switchgear panel H01,1345,1656,1552,1801,207,2.6,24,1.0,clear
sweep06_face3.jpg,H02,"ABB Relion 615, wide HMI (F1-F16)",ABB switchgear panel H02,2245,1673,2460,1820,215,2.46,16,1.0,clear
sweep06_face3.jpg,H03,"ABB Relion 615, wide HMI (F1-F16)",ABB switchgear panel H03,3109,1685,3340,1835,231,2.73,31,1.0,clear
sweep06_face3.jpg,H04,"ABB Relion 615, wide HMI (F1-F16)",ABB switchgear panel H04,4018,1692,4096,1845,78,3.3,46,0.35,hard: cut by photo edge
sweep06_face4.jpg,H04,"ABB Relion 615, wide HMI (F1-F16)",ABB switchgear panel H04,0,1678,136,1859,136,3.3,46,0.63,hard: cut by photo edge
sweep06_face4.jpg,H05,"ABB Relion 615, wide HMI (F1-F16)",ABB switchgear panel H05,616,1808,736,1929,119,4.04,55,1.0,clear
sweep07_face1.jpg,OT1-lower,"ABB Relion 615, compact HMI (F1-F4)","VEO cabinet OT1, lower",2000,1772,2605,2375,605,0.57,2,1.0,clear
sweep07_face1.jpg,OT1-upper,"ABB Relion 615, wide HMI (F1-F16)","VEO cabinet OT1, upper",1821,628,2746,1240,925,0.64,29,1.0,clear
sweep07_face3.jpg,H01,"ABB Relion 615, wide HMI (F1-F16)",ABB switchgear panel H01,1933,1657,2143,1808,210,2.43,15,1.0,clear
sweep07_face3.jpg,H02,"ABB Relion 615, wide HMI (F1-F16)",ABB switchgear panel H02,2850,1688,3066,1837,217,2.66,29,1.0,clear
sweep07_face3.jpg,H03,"ABB Relion 615, wide HMI (F1-F16)",ABB switchgear panel H03,3686,1711,3906,1860,220,3.2,44,1.0,clear
sweep07_face4.jpg,H04,"ABB Relion 615, wide HMI (F1-F16)",ABB switchgear panel H04,351,1784,477,1917,126,3.92,55,1.0,clear
sweep07_face4.jpg,H05,"ABB Relion 615, wide HMI (F1-F16)",ABB switchgear panel H05,779,1865,860,1963,82,4.75,61,1.0,clear
sweep08_face1.jpg,OT1-lower,"ABB Relion 615, compact HMI (F1-F4)","VEO cabinet OT1, lower",0,1852,173,2396,173,0.9,60,0.43,hard: cut by photo edge
sweep08_face1.jpg,OT1-upper,"ABB Relion 615, wide HMI (F1-F16)","VEO cabinet OT1, upper",0,804,320,1403,320,0.94,52,0.42,hard: cut by photo edge
sweep08_face3.jpg,H01,"ABB Relion 615, wide HMI (F1-F16)",ABB switchgear panel H01,2922,1663,3157,1816,234,2.58,24,1.0,clear
sweep08_face3.jpg,H02,"ABB Relion 615, wide HMI (F1-F16)",ABB switchgear panel H02,3989,1670,4096,1832,107,3.08,41,0.38,hard: cut by photo edge
sweep08_face4.jpg,H02,"ABB Relion 615, wide HMI (F1-F16)",ABB switchgear panel H02,0,1649,159,1849,159,3.08,41,0.59,hard: cut by photo edge
sweep08_face4.jpg,H03,"ABB Relion 615, wide HMI (F1-F16)",ABB switchgear panel H03,673,1795,805,1924,132,3.77,52,1.0,clear
sweep08_face4.jpg,H04,"ABB Relion 615, wide HMI (F1-F16)",ABB switchgear panel H04,1076,1867,1145,1961,69,4.58,61,1.0,clear
sweep08_face4.jpg,H05,"ABB Relion 615, wide HMI (F1-F16)",ABB switchgear panel H05,1322,1913,1374,1988,52,5.45,65,1.0,"hard: steep angle, small"
sweep08_face4.jpg,OT1-lower,"ABB Relion 615, compact HMI (F1-F4)","VEO cabinet OT1, lower",3889,1833,4096,2422,207,0.9,60,0.52,hard: cut by photo edge
sweep08_face4.jpg,OT1-upper,"ABB Relion 615, wide HMI (F1-F16)","VEO cabinet OT1, upper",3732,580,4096,1516,364,0.94,52,0.49,hard: cut by photo edge
sweep09_face1.jpg,H01,"ABB Relion 615, wide HMI (F1-F16)",ABB switchgear panel H01,3686,599,4096,1095,410,1.08,55,0.58,hard: cut by photo edge
sweep09_face2.jpg,H01,"ABB Relion 615, wide HMI (F1-F16)",ABB switchgear panel H01,0,236,263,1218,263,1.08,55,0.34,hard: cut by photo edge
sweep09_face2.jpg,H02,"ABB Relion 615, wide HMI (F1-F16)",ABB switchgear panel H02,1097,1417,1220,1683,123,1.98,72,1.0,hard: steep angle
sweep09_face2.jpg,H03,"ABB Relion 615, wide HMI (F1-F16)",ABB switchgear panel H03,1409,1645,1463,1800,53,2.92,79,1.0,"hard: steep angle, small"
sweep09_face2.jpg,H04,"ABB Relion 615, wide HMI (F1-F16)",ABB switchgear panel H04,1552,1745,1575,1852,23,3.89,83,1.0,"hard: steep angle, small"
sweep09_face2.jpg,H05,"ABB Relion 615, wide HMI (F1-F16)",ABB switchgear panel H05,1635,1806,1655,1889,20,4.88,84,1.0,"hard: steep angle, small"
sweep09_face3.jpg,OT1-lower,"ABB Relion 615, compact HMI (F1-F4)","VEO cabinet OT1, lower",1246,2006,1402,2162,156,2.38,24,1.0,clear
sweep09_face3.jpg,OT1-upper,"ABB Relion 615, wide HMI (F1-F16)","VEO cabinet OT1, upper",1209,1727,1454,1882,244,2.39,15,1.0,clear
sweep10_face1.jpg,H01,"ABB Relion 615, wide HMI (F1-F16)",ABB switchgear panel H01,712,521,1485,1031,773,0.83,41,1.0,clear
sweep10_face2.jpg,H02,"ABB Relion 615, wide HMI (F1-F16)",ABB switchgear panel H02,0,454,555,1282,555,1.11,57,0.91,hard: cut by photo edge
sweep10_face2.jpg,H03,"ABB Relion 615, wide HMI (F1-F16)",ABB switchgear panel H03,1202,1396,1324,1663,122,1.95,72,1.0,hard: steep angle
sweep10_face2.jpg,H04,"ABB Relion 615, wide HMI (F1-F16)",ABB switchgear panel H04,1513,1624,1555,1777,42,2.89,80,1.0,"hard: steep angle, small"
sweep10_face2.jpg,H05,"ABB Relion 615, wide HMI (F1-F16)",ABB switchgear panel H05,1656,1731,1686,1839,29,3.87,82,1.0,"hard: steep angle, small"
sweep10_face3.jpg,OT1-lower,"ABB Relion 615, compact HMI (F1-F4)","VEO cabinet OT1, lower",2275,2019,2429,2172,154,2.32,4,1.0,clear
sweep10_face3.jpg,OT1-upper,"ABB Relion 615, wide HMI (F1-F16)","VEO cabinet OT1, upper",2245,1747,2474,1898,229,2.34,14,1.0,clear
sweep11_face1.jpg,H02,"ABB Relion 615, wide HMI (F1-F16)",ABB switchgear panel H02,642,553,1439,1071,797,0.84,40,1.0,clear
sweep11_face1.jpg,H03,"ABB Relion 615, wide HMI (F1-F16)",ABB switchgear panel H03,3596,603,4096,1085,500,1.06,54,0.68,hard: cut by photo edge
sweep11_face2.jpg,H03,"ABB Relion 615, wide HMI (F1-F16)",ABB switchgear panel H03,0,137,207,1183,207,1.06,54,0.24,hard: cut by photo edge
sweep11_face2.jpg,H04,"ABB Relion 615, wide HMI (F1-F16)",ABB switchgear panel H04,1033,1346,1156,1631,123,1.88,72,1.0,hard: steep angle
sweep11_face2.jpg,H05,"ABB Relion 615, wide HMI (F1-F16)",ABB switchgear panel H05,1397,1608,1455,1771,58,2.82,78,1.0,"hard: steep angle, small"
sweep11_face3.jpg,OT1-lower,"ABB Relion 615, compact HMI (F1-F4)","VEO cabinet OT1, lower",3140,2040,3291,2191,151,2.69,25,1.0,clear
sweep11_face3.jpg,OT1-upper,"ABB Relion 615, wide HMI (F1-F16)","VEO cabinet OT1, upper",3116,1772,3328,1922,213,2.71,36,1.0,clear
sweep11_face4.jpg,H01,"ABB Relion 615, wide HMI (F1-F16)",ABB switchgear panel H01,2857,1290,3054,1646,197,1.59,65,1.0,clear
sweep12_face1.jpg,H03,"ABB Relion 615, wide HMI (F1-F16)",ABB switchgear panel H03,592,524,1407,1051,815,0.84,40,1.0,clear
sweep12_face1.jpg,H04,"ABB Relion 615, wide HMI (F1-F16)",ABB switchgear panel H04,3613,554,4096,1052,483,1.06,54,0.73,hard: cut by photo edge
sweep12_face2.jpg,H04,"ABB Relion 615, wide HMI (F1-F16)",ABB switchgear panel H04,0,92,166,1133,166,1.06,54,0.21,hard: cut by photo edge
sweep12_face2.jpg,H05,"ABB Relion 615, wide HMI (F1-F16)",ABB switchgear panel H05,1052,1337,1191,1629,139,1.88,71,1.0,hard: steep angle
sweep12_face3.jpg,OT1-lower,"ABB Relion 615, compact HMI (F1-F4)","VEO cabinet OT1, lower",3956,2067,4096,2214,140,3.34,40,0.91,hard: cut by photo edge
sweep12_face3.jpg,OT1-upper,"ABB Relion 615, wide HMI (F1-F16)","VEO cabinet OT1, upper",3940,1806,4096,1952,156,3.36,50,0.79,hard: cut by photo edge
sweep12_face4.jpg,H01,"ABB Relion 615, wide HMI (F1-F16)",ABB switchgear panel H01,2484,1643,2556,1825,72,2.5,74,1.0,hard: steep angle
sweep12_face4.jpg,H02,"ABB Relion 615, wide HMI (F1-F16)",ABB switchgear panel H02,2879,1254,3093,1636,214,1.51,64,1.0,clear
sweep13_face1.jpg,H04,"ABB Relion 615, wide HMI (F1-F16)",ABB switchgear panel H04,801,592,1517,1076,716,0.85,38,1.0,clear
sweep13_face1.jpg,H05,"ABB Relion 615, wide HMI (F1-F16)",ABB switchgear panel H05,3880,435,4096,978,216,1.05,54,0.25,hard: cut by photo edge
sweep13_face2.jpg,H05,"ABB Relion 615, wide HMI (F1-F16)",ABB switchgear panel H05,0,273,502,1223,502,1.05,54,0.67,hard: cut by photo edge
sweep13_face4.jpg,H01,"ABB Relion 615, wide HMI (F1-F16)",ABB switchgear panel H01,2504,1768,2545,1891,40,3.48,78,1.0,"hard: steep angle, small"
sweep13_face4.jpg,H02,"ABB Relion 615, wide HMI (F1-F16)",ABB switchgear panel H02,2675,1618,2754,1812,79,2.43,74,1.0,hard: steep angle
sweep13_face4.jpg,H03,"ABB Relion 615, wide HMI (F1-F16)",ABB switchgear panel H03,3072,1224,3300,1621,228,1.52,64,1.0,clear
sweep13_face4.jpg,OT1-lower,"ABB Relion 615, compact HMI (F1-F4)","VEO cabinet OT1, lower",750,2065,828,2165,78,4.14,49,1.0,clear
sweep13_face4.jpg,OT1-upper,"ABB Relion 615, wide HMI (F1-F16)","VEO cabinet OT1, upper",746,1883,834,1988,88,4.16,60,1.0,clear
sweep14_face1.jpg,H05,"ABB Relion 615, wide HMI (F1-F16)",ABB switchgear panel H05,890,677,1588,1150,698,0.89,38,1.0,clear
sweep14_face4.jpg,H01,"ABB Relion 615, wide HMI (F1-F16)",ABB switchgear panel H01,2427,1836,2454,1928,27,4.46,80,1.0,"hard: steep angle, small"
sweep14_face4.jpg,H02,"ABB Relion 615, wide HMI (F1-F16)",ABB switchgear panel H02,2529,1758,2573,1885,44,3.4,77,1.0,"hard: steep angle, small"
sweep14_face4.jpg,H03,"ABB Relion 615, wide HMI (F1-F16)",ABB switchgear panel H03,2709,1612,2793,1805,84,2.45,72,1.0,hard: steep angle
sweep14_face4.jpg,H04,"ABB Relion 615, wide HMI (F1-F16)",ABB switchgear panel H04,3150,1217,3390,1597,240,1.56,60,1.0,clear
sweep14_face4.jpg,OT1-lower,"ABB Relion 615, compact HMI (F1-F4)","VEO cabinet OT1, lower",1062,2070,1113,2147,50,4.98,56,1.0,hard: small
sweep14_face4.jpg,OT1-upper,"ABB Relion 615, wide HMI (F1-F16)","VEO cabinet OT1, upper",1062,1928,1113,2008,51,4.99,66,1.0,"hard: steep angle, small"
sweep15_face4.jpg,H01,"ABB Relion 615, wide HMI (F1-F16)",ABB switchgear panel H01,2355,1897,2371,1964,17,5.82,83,1.0,"hard: steep angle, small"
sweep15_face4.jpg,H02,"ABB Relion 615, wide HMI (F1-F16)",ABB switchgear panel H02,2405,1857,2428,1943,23,4.74,81,1.0,"hard: steep angle, small"
sweep15_face4.jpg,H03,"ABB Relion 615, wide HMI (F1-F16)",ABB switchgear panel H03,2480,1796,2515,1908,35,3.77,79,1.0,"hard: steep angle, small"
sweep15_face4.jpg,H04,"ABB Relion 615, wide HMI (F1-F16)",ABB switchgear panel H04,2613,1686,2672,1839,59,2.81,74,1.0,"hard: steep angle, small"
sweep15_face4.jpg,H05,"ABB Relion 615, wide HMI (F1-F16)",ABB switchgear panel H05,2878,1428,3020,1714,142,1.86,69,1.0,hard: steep angle
sweep15_face4.jpg,OT1-lower,"ABB Relion 615, compact HMI (F1-F4)","VEO cabinet OT1, lower",1316,2070,1348,2129,32,6.27,61,1.0,hard: small
sweep15_face4.jpg,OT1-upper,"ABB Relion 615, wide HMI (F1-F16)","VEO cabinet OT1, upper",1317,1963,1347,2023,30,6.28,72,1.0,"hard: steep angle, small"
