epoch,time,train/box_loss,train/cls_loss,train/dfl_loss,metrics/precision(B),metrics/recall(B),metrics/mAP50(B),metrics/mAP50-95(B),val/box_loss,val/cls_loss,val/dfl_loss,lr/pg0,lr/pg1,lr/pg2
1,30.3358,1.72555,17.6614,1.83924,0.00521,0.28571,0.00543,0.00184,1.52085,15.2313,2.09171,0.000637681,0.000637681,0.000637681
2,37.9053,2.12668,8.58754,2.349,0.00203,0.07143,0.00018,8e-05,2.9832,233.109,7.70272,0.00130236,0.00130236,0.00130236
3,45.1093,2.30822,5.13379,2.4915,0,0,0,0,nan,nan,nan,0.001959,0.001959,0.001959
4,52.3776,2.36173,3.88476,2.74176,0,0,0,0,nan,nan,nan,0.00197265,0.00197265,0.00197265
5,59.5673,2.43063,3.52252,2.6845,0,0,0,0,0,0.06398,0,0.00195155,0.00195155,0.00195155
6,66.8612,2.24428,3.03801,2.53261,0,0,0,0,nan,nan,nan,0.00192464,0.00192464,0.00192464
7,74.0667,2.29768,3.07658,2.5562,0,0,0,0,nan,nan,nan,0.0018921,0.0018921,0.0018921
8,81.2834,2.16254,2.6075,2.45562,0,0,0,0,nan,nan,nan,0.00185411,0.00185411,0.00185411
9,88.6076,2.01117,2.41614,2.35836,0,0,0,0,nan,nan,nan,0.00181093,0.00181093,0.00181093
10,95.8519,1.99957,2.12992,2.24012,0.44539,0.35714,0.2586,0.07638,nan,nan,nan,0.0017628,0.0017628,0.0017628
11,103.207,1.94432,2.09711,2.22378,0.24387,0.21429,0.11409,0.04602,2.03507,5.26855,2.38877,0.00171004,0.00171004,0.00171004
12,110.412,1.84973,2.01676,2.20078,0.6873,0.07143,0.11321,0.0732,2.18258,5.74149,2.42082,0.00165295,0.00165295,0.00165295
13,117.64,1.9299,2.05361,2.27184,0.8726,0.5,0.54724,0.26037,2.00088,2.24696,2.08701,0.00159191,0.00159191,0.00159191
14,125.055,1.8827,1.80828,2.09244,0.19692,0.5,0.26883,0.13338,1.8218,5.36201,1.94346,0.00152727,0.00152727,0.00152727
15,132.298,1.82827,1.84324,2.11656,0.34337,0.21429,0.25656,0.1426,1.4725,10.5762,1.93073,0.00145945,0.00145945,0.00145945
16,139.651,1.79608,1.90492,2.1988,0.83751,0.71429,0.78591,0.47219,1.33257,1.45983,1.74125,0.00138886,0.00138886,0.00138886
17,146.981,1.70374,1.69385,2.01714,0.73293,0.57143,0.70698,0.35597,1.42547,1.6017,1.66723,0.00131593,0.00131593,0.00131593
18,154.26,1.64817,1.54354,1.95402,0.72601,0.78571,0.7555,0.39978,1.41184,1.40409,1.67554,0.00124111,0.00124111,0.00124111
19,161.401,1.63412,1.44303,1.95881,0.846,0.71429,0.79927,0.47119,1.35403,1.30729,1.64276,0.00116487,0.00116487,0.00116487
20,168.642,1.69646,1.57967,2.02513,0.83736,0.85714,0.835,0.52296,1.29768,1.23166,1.60124,0.00108767,0.00108767,0.00108767
21,175.958,1.56213,1.41594,1.90834,0.6672,0.78571,0.73228,0.436,1.33767,1.32652,1.58517,0.00101,0.00101,0.00101
22,183.233,1.56374,1.38764,1.87068,0.69758,0.65998,0.68653,0.41874,1.43702,1.37593,1.62991,0.000932325,0.000932325,0.000932325
23,190.671,1.50829,1.39143,1.88926,0.94961,0.64286,0.72935,0.37702,1.49526,1.48466,1.68382,0.00085513,0.00085513,0.00085513
24,197.902,1.44872,1.22838,1.74926,0.83333,0.78571,0.75948,0.43926,1.42327,1.36884,1.62794,0.000778889,0.000778889,0.000778889
25,205.155,1.4984,1.32946,1.81975,0.98614,0.71429,0.80818,0.55019,1.23209,1.02493,1.53942,0.000704073,0.000704073,0.000704073
26,212.493,1.38818,1.20171,1.70584,0.81699,0.85714,0.82864,0.50237,1.35726,0.97813,1.57492,0.000631143,0.000631143,0.000631143
27,219.548,1.40303,1.18555,1.76224,1,0.84453,0.855,0.54727,1.30701,0.9728,1.51602,0.000560549,0.000560549,0.000560549
28,226.406,1.43875,1.20873,1.77543,0.95557,0.85714,0.855,0.55105,1.35939,0.95165,1.53503,0.000492726,0.000492726,0.000492726
29,233.717,1.40806,1.16472,1.7089,0.86338,0.78571,0.845,0.56064,1.30144,0.98147,1.55139,0.000428093,0.000428093,0.000428093
30,240.7,1.3196,1.11559,1.63436,0.90729,0.78571,0.83463,0.57461,1.18484,0.94255,1.47545,0.000367046,0.000367046,0.000367046
31,248.063,1.36048,1.12223,1.65212,0.8912,0.85714,0.84897,0.61999,1.1092,0.87109,1.38609,0.000309964,0.000309964,0.000309964
32,255.426,1.37169,1.14802,1.74259,1,0.83231,0.85925,0.61977,1.13067,0.82387,1.38241,0.000257198,0.000257198,0.000257198
33,262.705,1.31585,1.06828,1.67581,0.99417,0.85714,0.8587,0.6091,1.15393,0.7776,1.41104,0.000209073,0.000209073,0.000209073
34,269.899,1.28964,1.0282,1.59774,0.99335,0.85714,0.86511,0.62628,1.1148,0.77128,1.38493,0.000165886,0.000165886,0.000165886
35,277.266,1.3094,1.04249,1.65267,1,0.85378,0.8772,0.65771,1.05852,0.75679,1.3575,0.000127904,0.000127904,0.000127904
36,295.653,1.23231,0.9234,1.64035,1,0.84831,0.87959,0.66202,1.04975,0.74796,1.34948,9.53593e-05,9.53593e-05,9.53593e-05
37,304.3,1.19094,0.88541,1.55953,0.97887,0.85714,0.881,0.6558,1.03756,0.75008,1.34044,6.8454e-05,6.8454e-05,6.8454e-05
38,314.335,1.16694,0.86691,1.57466,0.98413,0.85714,0.88344,0.65587,1.04887,0.73169,1.33052,4.73538e-05,4.73538e-05,4.73538e-05
39,323.137,1.1546,0.84001,1.49096,0.98853,0.85714,0.88176,0.65392,1.05774,0.74003,1.32791,3.21885e-05,3.21885e-05,3.21885e-05
40,331.719,1.16825,0.85341,1.52486,0.98882,0.85714,0.88028,0.65348,1.06006,0.75176,1.32699,2.30518e-05,2.30518e-05,2.30518e-05
